"rules","support","confidence","lift","count"
"{yogurt} => {whole milk}",0.0560244026436197,0.401603498542274,1.57173514053453,551
"{whole milk} => {yogurt}",0.0560244026436197,0.219259848786311,1.57173514053453,551
"{rolls/buns} => {whole milk}",0.0566344687341129,0.307904919845218,1.20503178936638,557
"{whole milk} => {rolls/buns}",0.0566344687341129,0.221647433346598,1.20503178936638,557
"{other vegetables} => {whole milk}",0.0748347737671581,0.386757750919601,1.51363409482462,736
"{whole milk} => {other vegetables}",0.0748347737671581,0.292877039395145,1.51363409482462,736
